ID,RVL,ALG,PCAD,ECAD,BIM,LIVR,QAQC
12-056_50_des_Seigneurs_Mtl,0,0,0,0,0,0,0
14-155_Carriere_Prehistorique_Mt-Royal,0,3.75,0,0,0,1,0
14-230_CHU_Ste-Justine,5.5,23.0833,0,0,0,0,0.75
14-242_Site_Le_Ber,0,0,0,2.25,0,0,0
14-325_Moulin_Beauport,0,0,0,0,0,0,0
14-332_PAC_monitoring_multimedia,0,10.75,0,0,0,0,0
14-341_Fort_Ville-Marie_fin_fouilles,5,26.3333,0,0,0,0,0
14-344_Modelisation_BIM-Galerie_de_la_Capital,0,2.75,0,0,161.8333,0,5
14-346_Jetee_Alexandra,0,87.3333,0,0,0,0,3
14-288_Fronton_Ouest_Parlement_Qc,0,0,0,0,0,0,0
15-353_Statue,7.25,0,0,0,5.5,0,0
15-364_Theatre_de_Longueuil,1.5,0,0,7.5833,3.5,0,0
15-355_Centre_Dollard-Cormier,47.75,4.25,0,0,0,0,2.25
15-384_eglise_Mascouche,5.25,6,0,0,0,0,0.3333
14-265_Place_Ste-Foy,0,0,0,0,0,0,0
15-312_Horse_Palace,2,5.5833,0,0,0,5.9167,0
15-378_Releve_36_immeubles-plan_2D,20.3333,14.25,0,0,9.3333,0,2.3333
15-378_Releve_36_immeubles-plan_2D,27.3333,30.4167,0,0,8.4167,0,12.6667
15-378_Releve_36_immeubles-plan_2D,10.5833,8.3333,0,0,7.9167,0,0
15-378_Releve_36_immeubles-plan_2D,7.3333,13.5,0,0,6.5,0,4.6667
15-378_Releve_36_immeubles-plan_2D,26.5833,16.8333,0,0,1.3333,0,0
15-378_Releve_36_immeubles-plan_2D,22.4167,35.3333,0,0.5,42.1167,1.5833,16
15-378_Releve_36_immeubles-plan_2D,12.6666,23.1667,0,0,9.5833,2,0.75
15-378_Releve_36_immeubles-plan_2D,16.0833,25.8333,0,0,7.5,0,21.6667
15-378_Releve_36_immeubles-plan_2D,18.5,15.9167,0,0,14.4167,0,7.8333
15-378_Releve_36_immeubles-plan_2D,12.25,40.4167,0,0,5.9167,1,8.4167
15-378_Releve_36_immeubles-plan_2D,24.25,27.5,0,0,14.1667,0.75,12
15-378_Releve_36_immeubles-plan_2D,16.75,41.1667,0,0,12.6667,0,20.75
15-378_Releve_36_immeubles-plan_2D,9.75,8.25,0,0,7.0833,1,3.5833
15-378_Releve_36_immeubles-plan_2D,18.5,25.9167,0,0,13.0833,0,9.25
15-378_Releve_36_immeubles-plan_2D,12.6667,12.1667,0,0,0,0.5833,10.25
15-378_Releve_36_immeubles-plan_2D,5,8,0,0,13.5,0,8.6667
15-378_Releve_36_immeubles-plan_2D,7.6667,8.25,0,0,11.6667,0,4.1667
15-378_Releve_36_immeubles-plan_2D,15.25,1.75,0,0,10.5,0,3.8333
15-378_Releve_36_immeubles-plan_2D,5.25,16.3333,0,0,47.9167,0,23
15-378_Releve_36_immeubles-plan_2D,5.5,6.8333,0,0,0,0,9.25
15-378_Releve_36_immeubles-plan_2D,20.4167,65.75,0,0,45.25,0,10.1667
15-378_Releve_36_immeubles-plan_2D,5.25,4.4167,0,5.8333,6.3333,0,0
15-378_Releve_36_immeubles-plan_2D,2.5,5.25,0,0,0.5,0,4.0833
15-378_Releve_36_immeubles-plan_2D,2,13.6667,0,0,22.8,0,3.25
15-378_Releve_36_immeubles-plan_2D,4,4,0,0,3.5,0,7.8333
15-378_Releve_36_immeubles-plan_2D,9,10,0,0,9.5,0,8.6667
15-378_Releve_36_immeubles-plan_2D,14.6667,10,0,0,14.8333,0,9.9167
15-378_Releve_36_immeubles-plan_2D,16.1667,10.75,0,0,15.75,0,1.0833
15-378_Releve_36_immeubles-plan_2D,12.25,70.0833,0,0,20.95,0,10.25
15-378_Releve_36_immeubles-plan_2D,78.0833,129.5,0,0,191.6667,3.25,8.1667
15-378_Releve_36_immeubles-plan_2D,30.75,68.4167,0,0,20.3333,1.5,12.75
15-378_Releve_36_immeubles-plan_2D,15.4167,12.0833,0,0,14.25,0,5.3333
15-378_Releve_36_immeubles-plan_2D,16.5833,18.1667,0,0,0,3,14.25
15-378_Releve_36_immeubles-plan_2D,17.8334,8.3333,0,0,27.4167,0,9.4167
15-391_1710_Saint-Denis,24.25,17.8333,0,24.75,50.0833,0,0.8333
15-396_Reservoir,0,0.75,0,0,4,0,0
15-397_Transfert_FLS-Reservoir,0,0,0,0,0,0,0
15-349_eglise_St-Henri,17,36.75,0,0,2.1667,14.6667,0.75
15-408_Colonel_By_T5,24,9.5,0,0,0,0,0.5
15-414_Ursulines_2015,102.1667,46.8333,0,0,0,1.25,0.5
15-257_Molson,4.5,2,0,0,0,0,0.8333
15-419_Universite_de_Montreal,4,0.5,0,9.4167,1.5,6,0
15-426_Pilier_Pont_Jacques_Cartier,3,1.5,0,31.3333,2,0.6667,0
15-428_Sofatec,9,8.5,0,0,0,0,0
15-367_McGill_Stewart_mecanique,23.75,16.3333,0,0,0,0.9167,0.25
15-423_Page_Jaune_Ile_des_soeurs,7.5,3.4167,0,0,0,2.0833,0
15-394_eglise_St-Gaetan,6,3.75,0,0,0,3.25,0
15-417_Institut_de_Cardiologie_de_Montreal,35.5,26.6667,0,55.0833,2.5833,1.75,26.1667
15-352_McGill_Burnside,6,4.5833,0,0,19.75,0,0
15-375_Fort_no_3_de_Levis,11.25,5,0,17.6667,0.75,0,1
15-432_Patex_Turcot_Tannerie,16.1667,26.75,0,0,0,1,0
15-443_Escalier_Roc_Concept,0,1,0,15.1667,0.3333,0,0
15-433_Moulin_Douville,2,4.3333,0,0,0,0,0
15-445_Collecteur_Courcelle_Mtl,12.5,3.5,0,0,0,0,0
15-444_Phare_MVC,4,4.25,0,10.5,0,3.25,0.4167
15-452_Hotel_St-James,10.4167,5.25,0,138.75,0,0.5,5.5833
15-460_Manege_Beauport,6,2.25,0,0,0,0,0.5
15-461_Connaught-Citadelle,6,4.5,0,0,0,0,0
15-465_St-Joachim,8,4.3333,0,16,0,0,0
15-467_PAC_fouille_2015,5.0833,9.4167,0,0,0,0.3333,0
15-462_Technocentre_R-D,82.6667,112.25,0,0,15.0833,0,2
15-473_Nivellement_Langelier,0,7.1667,0,0,0,1.75,0
15-466_Scan_3D_CHine,30,30,0,0,51,0,0
15-456_Pinel,9.9167,9.6667,0,0,0,0,0.8333
15-363_Palais_des_Congres,24.5,50.0833,0,0,0,0.75,4.25
15-464_Barrage_Brown_Beauport,0,1.5,0,0.5,0,0.1667,0
15-480_Becancours_Archeos,12,18.0833,0,0,0,0.75,0
15-481_CSMB_Gentilly,29.5,17.0833,0,7.8333,0,0.75,0.5
15-487_Maison_Historique_Mere_d'Youville,0,4.5,0,0,0,0,0
15-484_SAQ_De_Lorimier,2.5,1.75,0,0,0,0,0
15-491_Galaxy_Macao_3D,0,0.75,0,0,44.75,0,0
15-485_Barrage_Ile-de-la-Visitation,14.5,11.5,0,0,58.5,0.75,0
15-499_Moment_Factory,0,0,0,0,8.25,0,0
15-507_PAC-export,0,1.5,0,0,0,0,0
15-495_Canam,0,0,0,0,0,0,0
15-503_Mount_Stephen,19.75,13.25,0,0,0,2,0
15-488_888_Sherbrooke_Ouest,3,1.5,0,10.75,0,0.25,0.25
15-492_1251_St-Marc,2,2.5,0,0,0,0,0
16-508_Sandoz,14.5833,8.5,0,0,49.75,0,0
16-518_Chengdu,0,0,0,0,31.8333,0,0
16-516_Porte_Parlement,0,1,0,0,0,0.5,0.25
16-519_Poudlard,6,1.5,0,0,61.75,0,0
16-505_Le_Windsor,11.3333,23.5,0,3,0,0,1.25
16-522_Canam_assemblage,1.5,0.75,0,0,0,0,0
16-511_DRDC-RDDC,0,0,0,0,10.5,0,0
16-531_Assemblage_2_Canam,2.25,1,0,0,0,0,0
16-372_Palais_Congres_INterieur,160,115.0833,0,0,0,0,0
16-372_Palais_Congres_INterieur,0,69.75,0,0,0,0.1667,0
16-536_Entrepots_Laval_4,4.5,5.25,0,33.9167,28.5,3,0
16-404_1000_de_Maisonneuve,18.75,4.75,0,42.1667,0,0,0
16-520_3456_avenue_du_Musee,11.5,13.25,0,57.5,25.8333,0.75,44.6667
16-520_3456_avenue_du_Musee,16,9.75,0,0.6667,0,0,0
16-561_petit_ours,0,0,0,0,0,0,0
16-552_FTQ_790_rue_Rand_Sherbrooke,3.5,1.5,0,0,0,0,0
16-554_Monitoring_hotel_Mt-Stephens,0.75,1.5,0,0,0,0.5,0
16-471_Glace_CH,0,0,0,0,11,0,0
16-546_Hopital_Verdun,4,3.1667,0,9.8333,0,0,0
16-564_Moment_Factory_Shanghai,0,11.0833,0,0,316.75,0,0
16-535_Agropur,2.25,0.75,0,0,0,0.75,0
16-563_eglise_Ste-Famille,10,21.3333,0,2.8333,0,0.5,0.5
16-512_925_Rene-Levesque,2.5,1.4167,0,0,0,0,0
16-577_Ventilation_Viger,3.25,1.4167,0,0,0,0,0
16-566_OMHTR,6.5,2.75,0,0,0,0,0.25
16-553_Oeuf_Toiture,4,3.0833,0,0,0,0,0
16-000_Parlement_Ottawa,0,0,0,0,67.0833,0,0
16-513_Grenoble,0,0,0,33.3333,0,2.5833,0.75
16-602_Patex_Turcot_2016,6.25,1.5,0,0,0,0.75,1.75
16-576_iCM_Deformations,0,18.75,0,2.6667,0,0,4.4167
16-590_ecole_Espace_Jeunesse,7.5,1.5,0,0,0,0.5,3.75
16-400_Musee_Maritime,12,5.1667,0,0,9.0833,14.0833,6.5
16-517_Frelighsburg,17,3.75,0,0,0,0,0
16-617_2_rue_porte,2,0,0,0,0,1,0
16-619_Entrepot_Joliette,9.5,12.0833,0,0,0,0,1.5
16-618_Palais_Qc_CeEt30_78a,0,11.8333,0,0,0,2.6667,11.25
16-621_Sokcon_Dalle,0,1,0,0,7.5,0,0
16-631_CeEt940,0,1.25,0,0,0,0,0
16-601_Fort_St-Jean_Sous-Marin,0,0,0,0,0,0,4
16-644_Turcot_CAD,0,3,3.9167,0,0,4.6667,0
16-640_UdeM_Tunnel,2.5,2,0,0,0,0,1.25
16-647_Validation_Sacre-Coeur,0,0.75,0,0,0,0,7
16-612_NFX_Day6,2.25,0.25,0,0,0,0,3
16-600_La_Baie,19.25,7,0,119.75,0,2,4.5
16-570_Toit_Richelieu,2.25,0.75,0,0.25,0,0.5,0.5
16-649_Pont_ile_Bizard,5,2.25,0,0,58.6667,0.5,4.1667
16-649_Pont_ile_Bizard,13,4.75,0,0,18.1667,0,8.9167
16-649_Pont_ile_Bizard,0,0,0,0,10.5,0,5
16-626_ecole_N-D_Assomption,2.5,1.25,0,9,0,0.5,1.25
16-530_Basilique_Notre-Dame,19.5,10.5,0,0,0,0,0
16-651_CCBN_Plaines,0,0,0,0,0.5,9.0833,0
16-592_AMT_Pont_Milliaire,4.75,7,0,0,0,0,0
16-592_AMT_Pont_Milliaire,2.75,2,0,0,0,0,0
16-654_Golf_Brossard,21,30.25,0,0,0,0,15.3333
16-604_CAE,58.3333,14.25,0,0,0,0,9.8333
16-665_Cuve_Bois_Blanc,1.25,0,0,0,12.8333,0.25,2.5
16-628_Grand_Theatre_de_Quebec-murale,54.5,20.0833,0,0,0,20.4167,2.5
16-628_Grand_Theatre_de_Quebec-murale,9.5,2.5,0,0,0,0.3333,0
16-650_Lyman_Duff_McGill,30,16.75,0,0,0,0.25,1.25
16-220_eglise_St-Maurice,19.0833,16.6667,0,9.25,0,0,21.8333
16-666_Terra_Sativa_Grange,4,11.8333,0,0,0,0,0
16-667_ATFF_Tennis,0,0,0,0,19.3333,0,0
16-653_ICM_SQI,66.5,104.75,0,0,0,0,7.5
16-593_Rodier,19.5833,16.5,0,4,0,0.5,17.25
16-593_Rodier,0,0,0,0,153.1667,0,0
16-Coin_St-Paul_et_Longueuil,2.25,4.9167,0,0,0,0,0
16-663_1423_Towers,2,0.5,0,7.5833,0,0,2.5
16-688_Stationnement_16_PdC,7.75,2.6667,0,0,0,0,0.6667
16-696_ATFF-RFA,0,0,0,0,3.4167,0,0
16-608_McGill_Strathcona,9.6667,14.5,0,0,0,0,0.5
16-455_CISSS_Riviere-Rouge,9.75,4.3333,0,0,0,0,0.5833
Mosquee_Phase_5,0,6.5833,0,0.5,44.9167,24.3333,75.5833
16-700_Seneca,5,3.1667,0,0,0,0,0.8333
16-681_Parc_Forillon,29.25,19.75,0,0,150.6667,0,5.3333
16-596_WWOHP_Orlando,10,25.3333,0,0,129.0833,0,0.5
16-584_St-Regis,13.75,3.1667,0,66.0833,0,0,1
16-707_Fort_no3_Levis,8.75,1,0,23.0833,0,0,0
16-715_ETS_complexe_Dow,4.1667,4.8333,0,0,28.9167,1.0833,0
16-669_8255_St-Laurent_Brossard,2.5,1.5,0,0,0,0,0
16-710_eglise_Cap_St-Ignace,6.25,5.0833,0,4.0833,0,0,0
16-697_Le_GESU,22,14.5,0,62.4167,0,1,14.75
16-509_980-1000_St-Antoine,8.75,15.0833,0,29.0833,0,1,0.6667
16-708_Turcot_Arkeos,4.25,15.75,7.9167,0,44.9167,0,6.4167
16-731_Moment_Tremblant,2.75,1,0,0,0,0,0
16-735_Geniarp_Align,0,2.75,0,0,0,0,0
16-683_Maquette_Niagara,0,2.5833,0,0,3.9167,0,0
16-699_Fouilles_Ursuline_2016,1.25,0,0,0,0,0,0
16-730_ADM_Lemay,12.75,19.75,0,0,0,0,0
16-746_Fonderie,3.25,3.75,0,0,0,0.5,0
16-679_Hershey_Granby,2,0.5,0,0,0,0,0
17-738_Arbre_Hangzhou,10,6.75,0,0,0.5,0,0
17-726_Japon_WWOHP,14,12.9167,0,0,170,1.25,0
16-670_Palais_Congres_Mtl_Animation,0,0,0,0,0,0,0
17-748_10500_Acadie,3.5,2.25,0,10.4167,0,0,0
17-749-_ATFF_noix,0,0,0,0,33.5,0,1.25
17-763_1088_rue_Clark,17.1667,4.75,0,0,0,0,0
17-754_Ogilvy,76,139.75,3.4167,350.4167,0,0.1667,225.6667
17-765_BMO,25,14.5833,0,0,0,0,3
17-757_Raglan,20,14.5,0,0,0,0,2
17-774_Clos_St-Andre_925_Rene_Levesque,0,0,0,11.4167,0,0,0
17-674_Miralupa_Necropolis,17.0833,5.5,0,0,0,0.4167,0.25
17-794_4005_Redpath,1.75,1.5,0,0,12.75,0,1.8333
17-793_ATFF-lafarge,0,0,0,0,15.75,0,0
17-802_UQAM_Pavillon_Judith-Jasmin,6.75,3,0,61.6667,0,0,0
17-669_8255_St-Laurent_CAD,0,0,0,84.8333,0,0,0.5
17-809_ATFF_Route_des_Fabriques,0,0,0,0,44,0.3333,2.3333
17-796_1740_emile-Journaux,2.25,2.25,0,0,0,0.75,1
17-790_Clocher_Olier,5.5,1.75,4.5833,16.9167,0,0.5,9.0833
17-739_CHSLD_GeorgeP_et_Ste-Croix,5.25,3,0,0,0,0.75,2
17-739_CHSLD_GeorgeP_et_Ste-Croix,6.5,4.75,0,0,0,0.5,3.5
17-814_22_Pont_Viau,51.1333,27.8333,1.25,1.1667,0,0,2.5
17-675_Marseille_ATFF,0,0,0,0,85,0,12.25
17-675_Marseille_ATFF,0,0,0,0,75.4167,0,12.5833
17-675_Marseille_ATFF,0,0,0,0,65,0,4.3333
17-823_Olymel_Structure_XL,4.75,2.5,0,0,0,0.5,0
17-816_U_McGill-McDonald_et_Workman,3,0.5,0,48.3333,0,0,11.9167
17-820_Maison_St-edouard,0,0,0,3,0,0.25,0
17-820_Maison_St-edouard,1.25,0.5,0,33,0,0,4.75
17-826_Radio-Canada_archeo,5.1,0.5,0,13.25,0,0,0
17-847_Coop_Les_Colonnes,0,0,0,5.5833,0,0,0.6667
17-847_Coop_Les_Colonnes,3.25,2,7,4.4167,0,0,1.25
17-837_UdM_St-Hyacinthe,23.9167,30,0,1.0833,113.4167,1.3333,10.4167
17-827_Arkeos_Turcot_Mai17,15.2333,15.75,58.25,0,1.75,0,1.25
17-841_RMB_Rouge_Phase_6,7.25,9.6667,0,0,2.75,0,0
17-858_Yvon_BGLA_Condo,2,6.3333,4.75,0,2.6667,0,2
17-767_Artefacts_Musee_Culture_populaire,29.25,42.3333,0,0,209.25,0.25,3
17-863_1650_St-Timothee,0,4.3333,0,0,0,0,10.0833
17-866_Tafisa_Megantic,10.3333,6.5833,0,0,0,0,0
17-843_Chute_de_neige,0,0,0,15.25,10.75,0,4.9167
17-724_Eglise_Nativite_Beauport,0,0,0,0,0,1,0
17-724_Eglise_Nativite_Beauport,0,0,0,0,47.9167,0,6.25
17-724_Eglise_Nativite_Beauport,17.9167,8.25,0,0,67.4167,0,0.1667
17-773_MSDL_Dow,3.9166,1.5,0,0,0,1,7
17-855_TMG_Sanimax,5.5,3.5,0,0,0,0,0
17-813_ATFF_Pont_Part-Dieu,0,0,0,0,0,0.75,3.1667
17-810_Place_Ville-Marie,13,30.4167,0,0,0,1.1667,5.5
17-810_Place_Ville-Marie,122.5833,133.4167,0,0,0,1.5,4.25
17-874_CFPP_Ste-Julie,5,3.25,0,0,0,0,0
17-848_Effika_3D,0,0,0,0,0,0,0.75
17-882_SLC-Place_Ville-Marie,18.0833,31.9167,0,0,0,0,0
17-878_425_Viger_Ouest,5.25,3.75,0,0,0,1.5,1.5
17-860_Siemens_Benchroom,5,4,0,0,108.1667,0,12.5833
17-886_ALMAC_Lanoraie,5,12.5,0,0,0,0,2.6667
17-868_FX_Drolet,40.25,32.5,0,0,50.0833,0,3.8333
17-868_FX_Drolet,0,0,0,0,20.0833,0,0
17-868_FX_Drolet,0,0,0,0,16.75,0,0
17-868_FX_Drolet,0,0,0,0,140.3333,0,0.5
17-868_FX_Drolet,0,0,0,0,86.6667,0,0
17-868_FX_Drolet,0,0,0,0,7.0833,0,0
17-898_Geniarp_Ponceau,0,0,0,0,0,0,0
17-890_Stantec_Defense,0,1.75,0,0,0,0,0
17-890_Stantec_Defense,0,2,0,0,0,0,0
17-869_Pylone,3.75,0.75,0,2,0,0,5
17-903_Granby_Archeo,2.25,1.25,0,3.75,0,0,2.75
17-828_ATFF_St-Amour,0,124.6667,0,0,814.3333,0.25,55.6667
17-834_Clocher_St-Jacques_photogram,0,0,0,0,0,0,0
17-905_5202_Avenue_Walkley,1,0.5,0,0,0,0,0
17-888_CIUSSS_2_batiments,15.1667,8.8333,36.8333,95.6667,0,0,9.3333
17-888_CIUSSS_2_batiments,66.25,81.6667,144.5833,55.6667,0,0.6667,33.0833
17-912_iSCAN_PMI_Pointe-Noire,7.25,5.25,5.5,0,0,0,0
17-887_FEDNAV,5.5,0,0,0,0,0,0
17-914_Sarcophage_Jordi_Bonnet,1.1667,0.5,0,0,0,0,0
17-897_Piles_Pont_Honore-Mercier,7.25,5,0,0,17.0833,0,2.25
17-849_Gare_Windsor-Demo,0,0,0,1.5833,0,0,0
17-871_Musee_des_Ursulines,22.25,36.3333,0,0,478.9167,0,38.8333
17-909_Pointe-à-Calliere_Multimedia,13.5833,13.25,67.75,0,107.5,3.0833,19.5
17-939_Validation_pieces,0,0,0,0,0,0,0
17-776_Patrimoine_Becancour,16.9167,16.8333,0,0,0,0,4.4167
17-930_4850_Cote_St-Luc,9,6.0833,0,48.9167,0,0,11.6667
17-895_Ville_de_Sherbrooke_Artefacts,5.3333,1.6667,0,0,22.5833,0,0
17-929_Ste-Beatrix,2.5,3.8333,0,0,7.6667,0,3.8333
17-943_Fives_Solios_Vis,10.5,3.8333,0,0,0,0.75,3.75
17-926_College_Maisonneuve_espace_clos,5.5,6,0,0,0,0.5,1
17-825_AMT_Pont_Milliaire_Scan3,2.75,3.25,0,0,0,0.5,0
17-955_CHUM_salle_mecanique,2.25,1.9167,0,0,0,0,0
17-896_455_rue_St-Pierre,6,1.25,0,0,0,0,0.75
17-922_HMR_Rosemont,9.25,5.25,0,0,0,0,1
17-953_McGill_Batiment_Stewart,43.5,31.5833,0,0,0,4.75,6.6667
17-921_Chalet_objets,9.5,6.5,0,0,27.9167,0,0
17-918_Trou_de_la_Fee,2.5,0.5,0,0,1.25,0,0.75
17-910_College_Notre-Dame,11.8333,7.0833,1,0,0,0,8.5833
17-960_Rodier_Phase_2,5.5,3.4167,3.25,29.0833,0,0.8333,7
17-876_950_Mill-Centenial_culvert,7.5833,3.5,0,0,12.1667,0,2.25
17-924_College_Maisonneuve_Bloc_A,6.8333,3.5,0,0,0,0.5,1.75
17-924_College_Maisonneuve_Bloc_A,4.5,0.75,0,0,0,0.25,1.9167
17-879_ThinkWell_Orlando,0,0,0,0,0,0,0
17-879_ThinkWell_Orlando,0,0,0,0,174.8333,1.5,8
17-879_ThinkWell_Orlando,25,3,0,0,0,0,0.5
17-948_Fondation_Bon_Depart,5.6667,1.5833,0.8333,0,56.5833,7.5833,13.0833
17-931_LG3_Englobe,7.75,2.5,0,0,0,1.5,0
17-946_Hopital_de_Verdun,16.3333,8.6667,0,43.5833,0,0,4.75
17-977_Moment_Factory_NYC,6,2.1667,0,0,89.8333,0,2.25
17-977_Moment_Factory_NYC,4.5,1.75,0,0,12.0833,0,1
17-976_MCVG_Maniwaki,18.5,8.75,0,0,0,0,0
17-957_Sun_Life,22.25,19.25,0,0.5833,0,1.5,8
17-979_Delta_Trois-Rivieres,9.9167,2.5,0,0,0,0,3.75
17-692_1410_Stanley_Mtl,4.25,2.25,0,9.5,0,0,1.0833
17-945_eglise_Ste-Perpetue,12,12.1667,0,0,0,1.0833,0.75
17-961_Tafisa,7.75,8.5833,0,0,23.1667,0,0.25
17-991_Artefactuel_Maison_Trestler,4,3.0833,0,0,0,0,1
17-949_Pavillon_Le_Royer_Hotel_Dieu_Mtl,0,2.5,0,0,0,0.5,0.5
17-956_Oratoire_St-Joseph,36.75,42.8333,18.9167,0,328.3333,0,18.75
17-995_5312_Boul_Levesque_Est-Laval,4.1667,3.6667,21.1667,16.0833,0,2.5,1.75
18-1004_Facade,0,0,0,7.75,0,2.25,1.4167
17-992_Les_Ailes_Centre_Eaton,42.0833,18.0833,0,0,4.25,3,1.5
18-998_Tafisa_WESP_L2,8.75,10.4167,0,0,34.8333,0.25,0.6667
18-925_Y_Houde_HBGC,8,3.0833,0,0,47.75,0.75,0.75
17-987_Prison_Qc,32.5,52.5833,0,0,0,0.5,8
17-987_Prison_Qc,16,25,0,0,0,0,0
17-987_Prison_Qc,8,0,0,0,0,0,0
17-987_Prison_Qc,18,37.8333,0,0,0,0,0.25
17-987_Prison_Qc,6.75,16.5,0,0,0,0,1
18-988_SQI_Palais_justice_Roberval,7,3.4167,9.3333,0,0,1.25,3.75
18-1017_Meridien_bateau,0,1.5,0,0,39.0833,0,4
18-1011_Sainte-Agnes_de_Lac_Megantic,1.9167,0.6667,0,0,0,0.75,2.0833
18-984_Reconstitution_Hotel_Wellington,0,0,0,2.25,61.5833,5.5,9.6667
18-1016_Atff_Solidworks,0,0,0,0,6.25,0,0
18-990_189_Green_501_Pine_St-Lambert,4,1.5,4.1667,4.3333,4.5833,0.5,1.3333
18-996_Cirque_eloize,3,2.25,0,0,0,0,0.5
18-982_PAC_Monitoring_2018,0,3.25,0,0,0,0.5,0.5
18-954_Hotel_de_Ville_de_MTL,11.8333,1.75,0,206.5833,0,0.9167,34.1667
18-888C_Centre_Miriam_Aile-E,3.5,8.75,0,3.9167,36.75,0,6.75
18-1020_Sanimax_2,4,1.75,0,0,0,0,0
18-1032_Centre_Rosemont,1,0,0,2.5833,0,0.5,0.75
18-1025_CSDM_ecole_Espace_Jeunesse,0,0,4,35.3333,0,0,5.5
18-963_Hopital_General_interieur_Chapelle,4,10.6667,0,0,39.8333,0.1667,6.6667
18-1065_Moment_Detroit,4.5,0,0,0,0,0.6667,0
18-1034_Barils_Normal,1.1667,0.5,0,0,5.8333,0.9167,1.3333
18-1008_TMG_Silicium_Becancour,4,3.3333,0,0,0,0,0.25
18-1023_Prison_de_bordeaux,44.25,31,146.5833,0,0,1.5,26.6667
18-1064_Olymel_impartition,0,0,0,0,13.25,0,0
18-1005_Escalier_Planetarium,3.25,1.5,0,5.4167,0,0.5833,5.3333
18-1045_MQCP_6_objet_animes,8,4.3333,0,0,75.9167,1.4167,12.8333
18-1047_Polytechnique_toiture,23,7,2.75,0,15.8333,0.5833,2.75
18-790_Clocher_Olier_interieur_dome,3.25,2.5,2.9167,0,0,0,1.5
18-1080_Sainte-Therese_Avila,3.5,2.25,0,0,0,0,0.3333
18-1033_Palais_Justice_Rimouski,44.5,11.5,0,0,0,0.6667,0.25
18-1082_Rolland-paper,37.3333,29.6667,0,0,208.0833,0.25,7.5
18-897_Pont_Mercier_W3_W4,0,0,0,0,0,0,0
18-897_Pont_Mercier_W3_W4,0,0,0,0,0,1.25,0
18-1106_Sockon_Escalier,0,2,0,0,23.5833,0,1.4167
18-681_Parc_Forillon_Guerite,0,1.3333,0,0,0,0.3333,0.3333
18-1092_Centre_Dollard_Cormier,0,0,0,19.25,0,0.1667,2.5
18-1085_286_ch_du_bord_du_lac,2.5,0.5,0,0,0,0.8333,0.5
18-1071_Cotes_St-Luc_Verticalite,2,0.5,0,0,0,0.5833,1
18-1071_Cotes_St-Luc_Verticalite,3,2.25,0,0,0,0,0
18-1071_Cotes_St-Luc_Verticalite,0,0.6667,0,0,0,0,0
18-1071_Cotes_St-Luc_Verticalite,0.75,0,0,0,0,0,0
18-1040_Ristigouche,11.5,18.9167,0,0,0,0,1.5
18-936_Maison_Radio-Canada,118.7501,268.45,0,0,368.6667,0.75,16.0833
18-1078_Salle_Mecanique-Hopital_St-Jerome,20.75,18.3333,0,0,119.3333,0,0.8333
18-1093_Tembec_Temiscamingue,9.25,7,0,0,0,0,0
18-1107_Salle_spectacle_Judith_Jasmin,13.5833,3.9167,0,0,0,0,0.75
18-1111_Vitrerie_Sherbrooke_escalier,3.75,5.5,3.5833,0,44.5833,0.1667,30.9167
18-1115_ecole_Ste-Bibiane,5.5,12.8333,3.9167,3.3333,42,0,5.5
18-1117_Citadelle_Poudriere,3,3.8333,0,0,1.8333,1.25,5.1667
18-1103_Theatre_Dame-cœur,11.5,19.25,16.5,0,0,1,1.1667
18-1119_GOX_Objet3D,0,0,0,0,7.5833,0.3333,1.1667
18-1135_ecole_Ste-Claire,3.25,1.25,1.1667,46.75,0,0.8333,31.75
18-988_Palais_Justice_Roberval_ajout_1,50,73.55,0,0,0,2.4167,8.75
18-1130_Ethnoscop_Intendance,0,1.6667,0,0,0,1.25,0.5
18-1068_Abbaye_Oka,96.25,98.4167,15.75,0,1205.75,0.75,51.25
18-1132_Hopital_Juif-Pavillon_Hope,76.0833,64.8333,43,22,124.25,0.5,48.1667
18-1120_Realisation_maquette,3,0.3333,0,0,15.0833,0.5833,1.9167
18-1118_Pont_Ile_Orlean-Archeo,12.3333,15.0833,0,0,0,0,3.9167
18-1143_Kung-fu_Macau,0,10.75,0,0,0,0.75,2
18-1152_Comparatif_deformations,0,0,0,0,0,0,0
18-777_Centre_canadien_d'architecture_CCA,0,0,0,0,27.5,6.0833,6
18-777_Centre_canadien_d'architecture_CCA,162.8333,83,2,0,667.9167,1.1667,19.9167
18-777_Centre_canadien_d'architecture_CCA,27.75,9.75,0,0,0,0.8333,3.0833
18-940_BC2_Ponceaux,2.75,1.75,0,3.5,0,1.5,0
18-768_Provencher_Grand_Tronc,12,13.6667,3,0,0,0.5833,2.1667
18-1156_CSDM_Dollard-des-Ormeaux,5.75,0,0,24,0,0,3.1667
18-1159_CSDM_Academie_Dunton,10.25,9.6667,0,33.8333,0,0,18.6667
18-1160_CSDM_Saint-Jean-de-Brebeuf,7.25,9,0,36,0,0,4.0833
18-1162_CSDM_Saint-Ambroise,6.25,11.5833,0,15.25,0,0,5.6667
18-1006_Palais_de_l'Intendant-Moulage_plancher,30.4167,0.5,0,0,0,2.25,0.4167
18-1144_EXO_Gare_Centrale,57.9167,93.5,0,0,0,0,10.9167
18-1144_EXO_Gare_Centrale,0,12.75,0,0,0,0,1
18-1168_Parlement_modelisation,0,0.75,0,0,30.5,0,0.8333
18-1175_Festivent_de_Levis,14,0,1.5,0,0,0,2.8333
18-1170_rev1_Machinex-Peel_waste,14,23.25,0,0,0,0,0.5
18-1171_rev2_Machinex_Dongara,9,3.0833,0,0,0,0,1
18-1155_Le_Central_DLT,0,0.5,0,4.5,0,0,10.6667
18-1163_SIEMENS_scan,10,3.25,0,0,0,0.5,0
18-1167_CSDM_ecole_Notre-Dame-de-Grace,10.5,5.75,0,39.75,0,0,3.8333
18-1187_Dalles_Rimouski,14,11,0,0,0,0.5,4.1667
18-1176_Coaticook,0,2.1667,0,0,0,0,0
18-1195_Pied_du_courant-TeleQuebec,11.6667,8.5,0,1.6667,0,0.25,1.25
18-1186_Plomberie_du_portage,6.25,15.4167,0,11.25,0,1.25,2.25
18-1200_1-3_Hillside_Westmount,16.3333,8.9167,0,0,0,0,0.5
18-1198_HEC_Dutrisac_HB,2,1,0,10.5,0,0.5833,5.0833
18-992_Les_Ailes_Centre_Eaton-Phase_2,27.4167,19,0,0,5.75,0.25,4.5833
18-1189_echangeur_Turcot_EF-0,0,0,0,0,0,0,0
18-1217_EXP_LG2,13.5,11.9167,0,0,0,0,1.5
18-1211_2070_Peel,4,4.6667,0,39.25,0,0,3.4167
18-1211_2070_Peel,0,0,0,0,10,0,0
18-1216_Plaque_ProB,0.75,0.5,0,0,0,0.3333,0
18-1201_Atelier_Artiste,7.0833,1.25,0,0,0,1.5833,8.5833
18-644_Turcot_CAD-suite,0,0,21.8333,4.5833,3.3333,0,0.6667
18-1223_Artefactuel_Poudriere,5.75,0,0,0,0,0,0
19-1086_Polytechnique_Lasonde,8,15.6667,0,0,0,0,0.75
18-1134_Condos,2.75,2.75,0,0,0,0.25,0.3333
18-1027_Montmagny,0,0,0,0,144.4167,0,5.25
18-1226_Unibeton,0,0,0,0,0,0,0
18-1093_Tembec_TMG,0,0,0,0,14.25,0,0
18-1231_PMI_Baie-Comeau,8.5,2.0833,0,0,0,0.25,0.3333
18-1227_New_York_Metro,6,5,0,12.5,33.75,0,3.9167
18-1219_Formation_scan_objets,0,0,0,0,0,0,0
18-1218_Centre_Lajeunesse,0,0,0,0,5.8333,0,1.25
18-1218_Centre_Lajeunesse,24.75,16.0833,0,0,170.5833,0,8.75
18-776_Patrimoine_Becancour,0,0,0,0,87.0833,1,6
18-1235_Tembec-4_lessiveurs,4,17,0,0,94.8333,0,3.5
18-1238_Fortification_Quebec,0,7.5,0,0,0,0,0.75
18-1204_Passerelle_Borealis,21.6667,9.0833,0,0,51.5,0,1.3333
18-1256_VFX_AC,20.3333,4.5,0,0,0,0,0
18-1260_Dawson_mise-à-jour_des_plans,10,5.1667,23.6667,0,0,2.4167,1.8333
18-1266_CAPS_Piscine,0,1.8333,0,6.25,0,0,0.6667
18-992_Ailes_de_la_mode-Phase_3,0,0,0,0,5.6667,0,1.5
18-1213_Scotstown,0,0,0,0,0,0,0
18-1253_Sokcon_CSEVM,0,1,0,0,21.0833,0.8333,2.9167
18-1245_Hydro-Qc_Mur_Atwater,2,3.8333,0,0,0,0.5,1
18-951_Bateau_Fednav,0,11.5833,0,0,0,0,1.5
18-1244_Manoir_Colville,12,7.8333,0,0,61.6667,0,0.5833
18-1281_Centre_d'hebergement_Laurent_Bergevin,4,8.5,0,0,0,0,0
18-1286_Musee_Pop-Vieille_prison,17.4167,18.3333,0,0,76.25,0,0
18-1188_Brent_Fleming,3.25,4.5,0,0,0,0,5.1667
18-1274_ecole_Louis_Hebert,28.0834,29.1667,0,0,76.75,1.4167,5.25
19-1240_CISSSMO_16_batiments,6,3.8333,4.3333,0,27,1.6667,6.9167
19-1240_CISSSMO_16_batiments,3,7.4167,0,0,11.8333,0.5,3.5833
19-1240_CISSSMO_16_batiments,8.4167,2.8333,44.5,0,0,0.6667,0.8333
19-1240_CISSSMO_16_batiments,4.5,3.5,12.9167,0,0,0,1.6667
19-1240_CISSSMO_16_batiments,3.9167,12.3333,4.6667,0,10.5,0,7.5
19-1240_CISSSMO_16_batiments,4.75,8.5833,0,0,16,1,1.0833
19-1240_CISSSMO_16_batiments,3.25,3.5833,5,0,23.25,0,0.75
19-1240_CISSSMO_16_batiments,12.6667,9.6667,23.4167,0,19.8333,0,2.75
19-1240_CISSSMO_16_batiments,4.1667,5.0833,7.1667,0,0,0,2.75
19-1240_CISSSMO_16_batiments,4.6667,10.0833,12.25,0,1.8333,0,2.1667
19-1240_CISSSMO_16_batiments,9,10,0,0,34.5,0.25,5.25
19-1240_CISSSMO_16_batiments,6.3333,5.5,0,0,13.5833,0,9.1667
19-1240_CISSSMO_16_batiments,0,3.4167,0,0,0,0,5.75
19-1240_CISSSMO_16_batiments,4.6667,10.8333,11.6667,0,0,0.1667,1.8333
19-1240_CISSSMO_16_batiments,2.0833,4.75,10.9167,0,0,0,2.4167
19-1240_CISSSMO_16_batiments,0,0.4167,0,0,0,0,8
19-1276_eglise_St-Ubalde,20.1667,11.3333,0,0,0,0,2.5833
19-1301_Centre_de_tri_Via_Quebec,8.5,27.5,0,0,0,0,0
19-1307_Panneaux,2.75,2.25,0,17.8333,0,0,2.0833
19-1316_CSCDR_ecole_St-Joseph,5,6.9167,16.4167,0,0,0,2.4167
18-1236_1237_1251_Tafisa,30.5834,50.75,0,0,0,0,2.5
19-1310_TMG_Plaque,1.5,1.6667,0,0,0,0,0
19-1311_ICM_Monitoring,3.75,0,0,0,0,0,1
19-1335_iSCAN_animation_3D,0,0,0,0,0,0,0.5
19-1241_IDETR_Germain_et_Frere,12.5,10.25,0,0,121.4167,0,9.6667
19-1291_Barin_4_CSDM,6.25,2.1667,0,29.6667,0,0,7.0833
19-1291_Barin_4_CSDM,5.0833,2.5833,0,38.8333,0,1.4167,7.3333
19-1291_Barin_4_CSDM,3.75,3.5833,0,10.5833,0,1.5,4.25
19-1291_Barin_4_CSDM,4,4.3333,0,29.3333,0,2.25,14.8333
19-1291_Barin_4_CSDM,4.75,1.5,4.9167,0,0,0,0.5
19-1314_Provencher_Ritz_Mtl,31.5,36.0833,0.4167,0,0,7,9.9167
19-1321_Bonet_Table,3.5,1,0,0,0,0,0
19-1363_Hopital_Verdun_Facade,0,0,0,5,0,0,0
19-1349_Batiment_Solar_RL2,17.5,11.5,0,0,20,0,4
19-1288_Hotel-Dieu-Sorel,26.5,15.5,0,0,84.0833,0,38.9167
19-1288_Hotel-Dieu-Sorel,55.1667,50.25,0,0,303.75,0,5.5
19-1362_Habitation_Charlevoix,4,1.75,0,0,0,9.25,2.4167
19-1334_Skybridge_Montreal,5.5,4.5833,0,0,39.25,0.5,10
19-1384_College_Notre-Dame_Monitoring,10.5,8.8333,0,0,0,27.6667,5.75
19-1388_Oculus_Bois,3.25,2.25,0,0,0,0.3333,1
19-1388_Oculus_Bois,2.75,1.25,0,0,0,0,0
19-1393_Parc_Statues,4.75,4.4167,0,0,10.1667,5.0833,4.5833
19-1402_Schwimmer_Van_Horne,3,0.4167,0,0,22.75,0.1667,2.5833
19-1407_Sid_Lee_PVM-QDM2,4,1.5833,0,0,0,0,1
19-1408_Nativite_Pierre_d'Antan,0,0,1.3333,0,0,0.5,0
19-1411_1645_Royale_Long_-_McQuade,21.3333,43.6667,43.5,8.8333,0,0.4167,13.3333
19-1420_Cegep_Ste-Marguerite_R-D,3.9167,0.5,0,0,0,0.9167,0
19-1392-rev2_Famous_Five-Ottawa,2.75,2.3333,0,0,0,0.5,0
19-1300-rev3_Eglise_St-Anne-de-la-Pocatiere,2,1.75,0,0,0.75,0,0
19-1258_Residence_Marie-Rose,3.5,2.25,0,42.5,0,0.25,3.9167
19-1354_Usine_Molson,3.8333,2,0,0,0,0,1.25
19-1394_UQAM_Transept,0,0,0,34.9167,0,0,8.5
19-1436_Pyramide,1.75,1.5,0,0,0,0.5,0.5
19-1425_St-Jean_de_Brebeuf,0,0,0,33.3333,0,7.25,0.5
19-1412_Salto_textures_R-D,0,0,0,0,0,0,0
19-1136_CECI_i-Lab,0,0,0,0,194.75,0,14.5833
19-1415_Ecole_Armand_Lavergne,4.5,5,0,34.3333,18.0833,0,13.5833
19-1444_Academie_Dunton_ph_2,0,0,0,40.9167,0,0,1.8333
19-1444_Academie_Dunton_ph_2,7.75,10.75,0,93.75,0,0,6.8333
19-1433_CHSLD_Cap_St_Ignace,3.25,5.0833,0,0,0,0,2.1667
19-1433_CHSLD_Cap_St_Ignace,0,0.5,0,0,0,0.75,1.9167
19-1433_CHSLD_Cap_St_Ignace,3.25,0.25,0,0,0,0,1.3333
19-1441_Fossile_R-D,1,0,0,0,0,0,0
19-1460_LOD_Seminaire_St-Joseph,0,1.0833,33.75,41.3333,0,0,0.4167
19-1449_OMHM_1650_Rue_St-Timothe,1.5,2,3.5,0,0,0.25,3.0833
19-1397_Barin_Royal_Vic_Vaughan,3.25,1,0,0,0,0,0
19-1398_Barin_Royal_Vic_Rosco,5.25,1,0,0,0,0,0.3333
19-1454_eglise_St-Coeur_de_Marie,0,0,0,0,0,0,0.6667
19-1443_Ruccolo_Saint-Maxime,30.1666,20.6667,0,0,121.5833,0.5833,24.6667
19-1464-Archeo-St-Philippe,2.5,1.5,0,0,0,0,0
19-1463-Triatic-Edmonton,314,0,0,0,0,0,0
19-1463-Triatic-Edmonton,161,0,0,0,0,0,0
19-1463-Triatic-Edmonton,230,0,0,0,0,0,0
19-1383-Culvert-GHD-Monitoring,4,1.4167,0,0,0,0,0
19-1208_Fenestria_Verre_Serigraphie,4.25,4.25,0,11.4167,0,0,5.1667
19-1455_Ecole_4835_Christophe_Colomb,10.0833,7.5,13.25,64.75,0,0,6.4167
19-1325_A49_Strathcona,11.5,6.3333,36,179.4167,0,0,18.1667
19-1325_A49_Strathcona,0,0,0,0,0,0,0
19-1304-Universite_Laval-Formation,0,0,0,0,0,0,0
19-1432-Tafisa_Canada-Fournaises_L1_L2,8.0833,9.5833,0,0,0,0,0.5
19-1432-Tafisa_Canada-Fournaises_L1_L2,3.5,1.25,0,0,0,0,1.75
19-1470-Artefactuel_McGill,2,0.3333,0,0,0,0,0.8333
19-1472-PFA_Rosemere,5.5,1,0,0,51.25,0,1.4167
19-1476-GHD-Ensachage_Levis,4.5,4,0,0,53.6667,0,1.9167
19-1452_Notre_Dame_des_neiges,3.9167,3.5833,0,44.4167,0,0,4.6667
19-1492-rev11-Basilique_Notre-Dame_Mtl,0,0,0,65.9166,0,1.9167,31.5
19-1496-Centre_de_Readaptation_St-Hubert,2.75,3.75,0,22.5,0,0,5.25
19-1497-Artefactuel_Quebec,0,6.4167,18.75,0,0,0,3.75
19-1491_Hotel-Dieu_Facade_Marie-Morin,1.25,0.9167,0,0,0,0,0
19-1414_RTC_Cimetiere,21.0833,11.4167,0,0,0,1.0833,8.4167
19-1480-rev2-Provencher-Tour_Bourse_Mtl,32.5,22.5,2.5,0,76.75,0,10.0833
19-1494_Moment_-EPCOT,17,0,0,0,0.8333,0,2.25
19-1469-MPOP-Museolab-4objets,0,0,0,0,0,0,1.0833
19-1490-EXP-Pont-Honore-Merci,3.5,1.6667,0,0,7.5,1.25,1.5
19-1399-Borealis-CIP-100_ans,5.8333,7.1667,0,0,112.4167,0,7.25
19-1515-R-D_ISM3D_Echosound,0,0,0,0,0,0,0
19-1496-Extra-Barin-Readap_St-Hubert,0,0,0,5.6667,11.75,0,0.5
19-1503-Sonar_3D_Quai_de_Becancour,5.5,0,0,0,0,0,2.25
19-1345_Mur_à_Mur-MPOP_+_Museolab,1,0,0,0,38.0833,1.5,0.25
19-1525_ATFF_Viaduc_Martigues,0,5.4167,0,0,14,0,0
19-1523-MU-Redpath,4.75,3.5,0,0,49.0833,0.4167,1
19-1534-Sokcon-Pharmacie,0,0,1.3333,0,75.6667,0,0.75
19-1517-A49-Pavillon_Roger_Gaudry,77.3333,40.1667,0,0,0,2.5,28.25
19-1540-Pomerleau_Quais25-27,6,0,0,1.75,0,0,2.4167
19-1439-rev3-Longueuil_300_St-Charles,19.5833,19.1667,0,0,122.5,0,14.5
19-1495-Royal_Victoria,61.5833,93.25,0,0,748,1.4167,77.75
19-1543-Theatre_Empress_Montreal,12.5,6.0833,0,1.4167,30.9167,0,1.8333
19-1550-Kingston_ecluses_47_48,11.75,15.3333,0,0,0,0,2.9167
19-1548-CSM-Sophie_Barat,27.1667,21,0,91.6667,0,0.5,21.1667
19-1482-Riopel-Clocher_St-Zotique,4.9167,9.4167,0,0,2.5,0,0.75
19-1554-Tafisa-Salle_Compresseurs,3.25,10,0,0,0,0,0.5
19-1546-Summa-Centre_Eaton,5.25,3.9167,0,0,25.3333,0,0
19-1559-Riopel-Station_Pompage,5.25,6.75,0,4.5,21.5833,0,0.75
19-1565_ISM_Pont_Pie-IX,5,0,0,0,0,0,0
19-1526_CIUSSSCSDM_CLSC_Ahuntsic,8.75,2.75,10.25,48.6667,0,0,13.3333
19-1542-Gold_Castel-Caron_Bleury,8,1.25,0,0,0,0,1.0833
19-1573-CISSS_Chaudiere-Appalaches-Hotel_Dieu_Levis,12.25,11.8333,11.75,23.75,0,0,7.5
19-1557-CISSS_Monteregie-Centre-Hopital_Charles-LeMoyne,12,3.75,0,10.9167,0,0,1
19-1576-Groupe_Trifide-Ecole_St-Isidore,4,4.9167,0,0,26.5833,0,2.8333
19-1583-Potton-Grange_ronde,3.1667,1.75,0,0,0,0,0
19-1570_Douane_verticalite,9.5,1,0,0,0,2.25,2
19-1568_Presbytere_St-Michel-Bellechasse,16,22.3333,0,0,2.25,0,3.75
19-1589_EXP_Henderson,0,0.75,0,0,0,0,0.5
19-1555A-Point_a_Calliere-Place_Royale,0,3.9167,0,0,0,0,9.8333
19-1603-ISM3D-Pont-Ferroviaire,3.75,0,0,0,0,0,0
19-1588_Coque_Bateau_Rech,0,0,0,0,0,0,0
19-1587_384_St-Jacques,2.75,1.1667,0,0,78.8333,0,1.25
19-1621-PMB_Ilot_Balmoral,3.25,5.8333,0,0,0,0,0
19-1387-Innovatec-Aeroport_Mtl,5.5,1.8333,0,0,26.5,0,3
19-1585-Paroisse_Notre-Dame-Basilique_Notre-Dame,7,1.5,0,0,22,0,3
19-1612-EXP-Pont_Honore-Mercier,3.5,1.25,0,0,15.5,1,2
19-1632-Culture_3R-Murale_rue_Hart,1.5,2,0,0,0,0,0
19-1555B-Pointe_a_Calliere-Fort_Ville-Marie,0,0,0,0,0,0,0
19-1501_Place_Bell_Laval,2.75,0.5,1.5,0,0,0.25,0.25
19-1536-rev2-Atwill_Morin-Tour_de_la_Bourse_Mtl,9,8,0,0,0,0,2.25
20-1650-rev1-Bouthillette_Parizeau-Centre_Interactif_Sciences,3.25,1.25,2.25,0,0,0,1
20-1481-ATFF-Lena,0,0,0,0,178,0,13
20-1600-Novom-Eglise_Causapscal,5.25,2.75,0,0,0,0,0.5833
20-1584-rev1-COSIGMA-1065_Commune_Mtl,3.5,2,0,17.75,0,0,1.25
20-1663-rev1-Alcoa-Cuves,27.75,60.75,0,0,0,0.5,9.1667
20-1563_A2GC-Caverne_St-Come,0,0,0,0,0,0,0
20-1659-CMI-Cour,0,0,20.9167,0,35.75,0,5.25
20-1672-Parc_Canada,0,0,0,0,0,0,0
20-1340-Musee_Ursuline_Ph2-Multimedia,0,0,0,0,37.05,0,5.75
20-1671-Machinex-Thetford,3.25,3.5,0,0,0,0,0.75
20-1635-Culture_TR-Mural_OUIGO,1.75,0,0,0,0,1,1
20-1467-Nelly-Eve-Artiste,8.75,8.1667,0,0,0,3.8333,4.3333
20-1648-GeniArp-Centre_Glaces,7.5,4.75,0,0,0,0,1.0833
20-1684-Theatre_Dame-de-Coeur-Scene,3,2,0,0,0,0,0
20-1670-Bixi_Montreal-Siege_social,5.75,2,0,0,0,0,2.75
20-1670-Bixi_Montreal-Siege_social,0,0,0,0,0,0,0
20-1326_IDETR_Ursulines,0,0,0,0,0,0,0
20-1681_511_Place_d'armes,46.25,62.75,0,0,563.5,1.5,78.3333
20-1594-rev4-Ecole_Casavant_Seminaire_St-Hya,13,7,0,0,0,0,8.75
20-1664_Artifacts_Bonsecours,20.5,3,0,0,272.3333,0,10.3333
20-1696-rev2-LMA_ecole_de_la_Montagne,11.25,10.9167,0,0,325,0.5833,26.4167
20-1678-Provencher_Roy-HQ_edifice_Jean-Lesage,181,119.1667,0,0,0,0.25,21.0833
20-1708-DesPins,10.75,5.25,71.7501,46.25,0,0,21.75
20-1717-rev1-Zelus-Warehouse_St-Hubert_Airport,32,26,0,0,0,0,9.5833
20-1685-rev3-4270_Papineau_Mtl,0.6667,1.25,0,3.8333,0,0,2.5
20-1563-Ph2-Caverne_St-Come,6,1.9167,0,0,0,0,0
20-1731-Ruccolo-Edouard_Montpetit,3.75,3.4167,6.8333,40.3333,0,0,6
20-1708-Barat,4,2.25,5.8333,48.8333,0,0,6
20-1746_384_St-Jacques_Mtl,0,0,0,10.8333,0,0,1.1667
20-1620-Salles_mecaniques_UQAM,6.25,2,0,0,0,0,0.25
20-1734-Canada_Post_Corporation,6.75,2.5,0,0,0,0,0.75
20-1686_Hardy-de_Bullion,1.5,2,0,9.1667,0,0.6667,2.4167
20-1754-rev3-en-Holt_Renfrew-elements_sculptes,0,0,0,0,8,1.3333,0.25
20-1530-rev3-Cosigma-2236_rue_Pitt,8.25,1.0833,0,0,113.5834,0,11.9167
20-1528_Digihub_Beaupre,3.5,3,0,0,0,0,0
20-1771-CMI-360,9.5833,1.4167,0,0,0,0.9167,3.8333
20-1782-Pro_Air_Liquide,2.5,1,0,0,0,0,1
20-1399-2-Borealis_CIP-100ans-phase2,0,0,0,0,180.1667,0,8.75
20-1778-ETS-Four_à_pain,2.5,6.8333,0,4.4167,0,2,4.9167
20-1776_Oratoire_St-Joseph,0,5.1667,0,0,0,0,1.1667
20-1769_FSA_Monitoring_Decelles,6.0833,3.5,0,0,0,0,4.75
20-1777_20-1905_CISSMC16_Charles_LeMoyne-Monitoring,7.75,2.8333,0,0,0,0,0.5
20-1777_20-1905_CISSMC16_Charles_LeMoyne-Monitoring,8.1667,3.4167,0,0,0,0.25,1.75
20-1616a_Edyfic_silos_no5_Quai,8.75,2.75,0,14.5,0,0.25,2.4167
20-1681_Akelius_Extra_511_place_armes,3,0,0,0,14.8333,0,0
20-1796_ProB_Kruger,7.5,2.25,0,0,0,0.5,0.75
20-1795_Barin_monitoring_Pinel,7.75,2.75,0,2.5833,0,0,3.75
20-1749_Eglise_Champlain,3.5,0,0,0,0,0,0.75
20-1800_Graph_Fossambeault,1,0,0,0,0,0,0
20-1780_Tunnel_UQAM,6,2.25,0,0,0,0,0
20-1762_Place_Bonaventure,5.25,1,0.4167,18.6667,0,0,1.3333
20-1750_R-D_Forges_Saint-Maurice,0,1.5,0,0,0,0,0
20-1807_ESP_Escalier,2.5,2.75,0,0,0,0,0
20-1756_Quai_94-97,7.5,0,0,0,0,0,0
20-1823_PDCM_CAD,27.25,50.0833,224.85,0,0,0,21.6667
20-1779_Eglise_St-Jean,5,4.0833,0,34.1667,0,0,1.5
20-1799_Monitoring_Station_Atwater,1.75,0.5,0,0,0,0,1.75
20-1816_TMG_location_scanner_Sanimax,0,0,0,0,0,0,0
20-1630_AMA_1600_Girouard_St-Hy,8.75,4.75,0,0,0,0,3.1667
20-1818_Maison_Marmen,3.5,3.1667,0,0,21.75,0,9.0833
20-1804_Provencher_7e,0,1,0,0,0,0,1.5
20-1741_Hotel_Esterel,15.4167,12,0,0,0,0,12
20-1693_RAV3D_Animation_Traitcarre,0,0,0,0,0,0,0
20-1802_ATFF_Etude_Planeite,0,0,0,0,0,1.25,0
20-1841_St_Michel_Bellechasse_Anim3D,0,0,0,0,39.9167,0.25,0.8333
20-1853_Cosigma_Pointe-Claire,4.5,2,0,0,0,0,1
20-1838_Monastere_Hopital_General,0,0,0,0,0,0,1.25
20-1857_Nemesis_Segmentation,0,0,0,0,0,0,0
20-1842_145_Laura_Bromont,1,0.25,0,0,9.9167,0,2.5833
20-1854_Ethnoscop_archeo_Mtl,1,1.75,0,0,0,2.4167,3
20-1835_Becotte_Ste-Anne,5,6.25,0,0,4.8333,0,1.75
20-1805_SQI_Hotel-Dieu_Arthabaska,93,126,0,0,0,1,6.8333
20-1870_Barin_Pinel,5.75,1,0,14.9333,0,0,15.1833
20-1881_TMG_location_Fermont,0,2.1667,0,0,0,0,0
20-1860_Ateliersarchitecture_eglise_Waterville,5.25,3,0,0,0,0,0.5
20-1793_Silex_formation_Octobre,0.5,0,0,0,0,0,0
20-1806_Artefactuel_Citiere,2,3.5833,0,4.5,0,1.6667,2.6667
20-1237_Tafisa_Cour_a_bois-2020,4,2,0,0,0,0,0.5
20-1792_Geniarp_12_St-Louis,9.25,2.6667,0,0,0,0,15.5833
20-1864_VdM_Maison_Culture_Maisonneuve,2.25,3,0,0,0,0,1
20-1880_Cosigma_Oxfam,1.5,0.75,0,0,0,0,0.25
20-1880_Cosigma_Oxfam,2,1.75,0,0,0,0,14.1667
20-1892_Structure_XL_Dolbec,4,0.8333,0,0,0,0,0
20-1874_Marie_Victorin_Ecole_Christ_Roi,4.75,1,0,0,0,0,0
20-1872_Hillpark_Gauchetiere,0,0,63.6666,70.1667,0,0,21.15
20-1872_Hillpark_Gauchetiere,7,1,0,0,0,0,0.25
20-1884_VdM_1884_St-Germain,4,1.5,20.5833,0,91.5,0,11.4167
20-1825_V3R_Bornes_Paysage,0,8.5833,0,0,39.5833,0,0
20-1877_Mpop_360_prison,0,0,0,0,0,0,6.4167
20-1899_Provencher_Petra_Bourse,1.5,1,0,0,0,0,0
20-1898_Provencher_PDA,9.75,6,0,0,0,0,0.5
20-1882_IDETR_237_St-Antoine-phase2,23,7.75,0,0,14.6667,1.75,1.3333
20-1767_GHD_2400_Transcanada,21,11.3333,0,0,0,1,4.75
20-1803_UdM_R-G_Est,55,41,0,0,0,1,2.4167
20-1691_Dalle_600_Fielding_Mtl,4.5,1.5,0,0,0,0,0.25
20-1744_P3R_Maison_Rocheleau,2.6667,0,0,0,0,0,0
20-1927_RetD_Herole,0,0,0,0,0,0,0
20-1895_Conn-x_Olymel,4,3.6667,0,0,0,1,1
20-1929_GPR_Sonar_Gaspesie,7,0,0,0,0,0.25,0
20-1891_GPR_Voie_maritime,5.75,0,0,0,0,1.5,0
20-1720_Eglise_Notre-Dame-du-Laus,3.5,6.75,0,0,0,0,0
20-1925_Magog_Dominion,23.5833,23.5833,0,0,0,0,0
20-1856_MJD_Eglise_St-Pierre-du-Sud_RL,5,0,0,0,0,0,0
20-1836_CDG_Richelieu_Rechercher,0,0,0,0,0,0,0.5833
20-1936_Lemay_2300_Emile-Belanger,46,50.5,0,0,0,0,4.5833
20-1914_Culture_3R-Scan_St-James,17.8333,16.4167,0,0,1,0.25,2.5
21-1930_CSSL_Val_Martin,12.75,10.5,12.65,0,0,0,2
20-1688_Eglise_341_rue_Longueuil,9.5,2,0,0,0,0,0
20-1922_UMRcp_Cartier-Roberval,0,0.4167,0,0,0,0,0
21-1931_CSSL_Rolland-Gratton,4,0,8.25,0,0,0,0.75
21-1953_OKA_Publication,0,0,0,0,0,0,0